{"song":{"player1":"bf","player2":"gedon","notes":[{"lengthInSteps":16,"sectionNotes":[],"mustHitSection":false},{"lengthInSteps":16,"sectionNotes":[[1263.15789473684,2,0],[1578.94736842105,1,0],[2473.02631578947,2,0],[2465.13157894737,2,0],[2423.68421052632,2,0],[2417.76315789474,2,0],[2400,2,0],[2388.15789473684,2,0],[2376.31578947368,2,0],[2368.42105263158,2,0],[2516.44736842105,3,0],[2500.65789473684,3,0],[2471.05263157895,3,0],[2453.28947368421,3,0],[2437.5,3,0],[2413.81578947368,3,0],[2409.86842105263,3,0],[2396.05263157895,3,0],[2388.15789473684,3,0],[2386.18421052632,3,0],[2380.26315789474,3,0],[2376.31578947368,3,0],[2374.34210526316,3,0],[2366.44736842105,3,0],[2364.47368421053,3,0],[2352.63157894737,3,0],[2344.73684210526,3,0],[2342.76315789474,3,0],[2524.34210526316,1,0],[2494.73684210526,1,0],[2480.92105263158,1,0],[2465.13157894737,1,0],[2449.34210526316,1,0],[2435.52631578947,1,0],[2429.60526315789,1,0],[2413.81578947368,1,0],[2398.02631578947,1,0],[2388.15789473684,1,0],[2374.34210526316,1,0],[2366.44736842105,1,0],[2348.68421052632,1,0],[2334.86842105263,1,0],[2522.36842105263,0,0],[2506.57894736842,0,0],[2496.71052631579,0,0],[2475,0,0],[2441.44736842105,0,0],[2433.55263157895,0,0],[2413.81578947368,0,0],[2403.94736842105,0,0],[2384.21052631579,0,0],[2376.31578947368,0,0],[2366.44736842105,0,0],[2354.60526315789,0,0]],"mustHitSection":false},{"lengthInSteps":16,"sectionNotes":[[3761.84210526316,0,0],[3755.92105263158,0,0],[3716.44736842105,0,0],[3680.92105263158,0,0],[3657.23684210526,0,0],[3617.76315789474,0,0],[3594.07894736842,0,0],[3566.44736842105,0,0],[3550.65789473684,0,0],[3513.15789473684,0,0],[3469.73684210526,0,0],[3450,0,0],[3426.31578947368,0,0],[3363.15789473684,0,0],[3339.47368421053,0,0],[3319.73684210526,0,0],[3266.44736842105,0,0],[3262.5,0,0],[3244.73684210526,0,0],[3236.84210526316,0,0],[3228.94736842105,0,0],[3209.21052631579,0,0],[3181.57894736842,0,0],[3165.78947368421,0,0],[3114.47368421053,0,0],[3094.73684210526,0,0],[3092.76315789474,0,0],[3073.02631578947,0,0],[3063.15789473684,0,0],[3047.36842105263,0,0],[3033.55263157895,0,0],[3017.76315789474,0,0],[2998.02631578947,0,0],[2982.23684210526,0,0],[2938.81578947368,0,0],[2932.8947368421,0,0],[2905.26315789474,0,0],[2885.52631578947,0,0],[2873.68421052632,0,0],[2859.86842105263,0,0],[2828.28947368421,0,0],[2798.68421052632,0,0],[2765.13157894737,0,0],[2739.47368421053,0,0],[2690.13157894737,0,0],[2642.76315789474,0,0],[2619.07894736842,0,0],[2593.42105263158,0,0],[2536.18421052632,0,0],[2534.21052631579,0,0],[2532.23684210526,0,0],[3728.28947368421,1,0],[3724.34210526316,1,0],[3692.76315789474,1,0],[3667.10526315789,1,0],[3623.68421052632,1,0],[3586.18421052632,1,0],[3558.55263157895,1,0],[3519.07894736842,1,0],[3477.63157894737,1,0],[3422.36842105263,1,0],[3400.65789473684,1,0],[3363.15789473684,1,0],[3313.81578947368,1,0],[3284.21052631579,1,0],[3256.57894736842,1,0],[3234.86842105263,1,0],[3219.07894736842,1,0],[3185.52631578947,1,0],[3118.42105263158,1,0],[3104.60526315789,1,0],[3098.68421052632,1,0],[3092.76315789474,1,0],[3082.8947368421,1,0],[3075,1,0],[3057.23684210526,1,0],[3007.8947368421,1,0],[3000,1,0],[2992.10526315789,1,0],[2980.26315789474,1,0],[2950.65789473684,1,0],[2925,1,0],[2923.02631578947,1,0],[2917.10526315789,1,0],[2907.23684210526,1,0],[2901.31578947368,1,0],[2893.42105263158,1,0],[2883.55263157895,1,0],[2867.76315789474,1,0],[2861.84210526316,1,0],[2855.92105263158,1,0],[2850,1,0],[2842.10526315789,1,0],[2820.3947368421,1,0],[2812.5,1,0],[2798.68421052632,1,0],[2788.81578947368,1,0],[2773.02631578947,1,0],[2769.07894736842,1,0],[2727.63157894737,1,0],[2723.68421052632,1,0],[2703.94736842105,1,0],[2680.26315789474,1,0],[2660.52631578947,1,0],[2646.71052631579,1,0],[2623.02631578947,1,0],[2587.5,1,0],[2563.81578947368,1,0],[2534.21052631579,1,0],[3738.15789473684,2,0],[3716.44736842105,2,0],[3704.60526315789,2,0],[3655.26315789474,2,0],[3601.97368421053,2,0],[3580.26315789474,2,0],[3544.73684210526,2,0],[3521.05263157895,2,0],[3497.36842105263,2,0],[3477.63157894737,2,0],[3444.07894736842,2,0],[3410.52631578947,2,0],[3394.73684210526,2,0],[3378.94736842105,2,0],[3357.23684210526,2,0],[3325.65789473684,2,0],[3311.84210526316,2,0],[3292.10526315789,2,0],[3268.42105263158,2,0],[3252.63157894737,2,0],[3234.86842105263,2,0],[3215.13157894737,2,0],[3197.36842105263,2,0],[3175.65789473684,2,0],[3159.86842105263,2,0],[3157.8947368421,2,0],[3130.26315789474,2,0],[3126.31578947368,2,0],[3112.5,2,0],[3084.86842105263,2,0],[3075,2,0],[3051.31578947368,2,0],[3039.47368421053,2,0],[2968.42105263158,2,0],[2940.78947368421,2,0],[2928.94736842105,2,0],[2895.3947368421,2,0],[2875.65789473684,2,0],[2851.97368421053,2,0],[2814.47368421053,2,0],[2767.10526315789,2,0],[2703.94736842105,2,0],[2684.21052631579,2,0],[2662.5,2,0],[2623.02631578947,2,0],[2597.36842105263,2,0],[2563.81578947368,2,0],[2542.10526315789,2,0],[2532.23684210526,2,0],[3736.18421052632,3,0],[3722.36842105263,3,0],[3704.60526315789,3,0],[3678.94736842105,3,0],[3631.57894736842,3,0],[3621.71052631579,3,0],[3609.86842105263,3,0],[3584.21052631579,3,0],[3560.52631578947,3,0],[3521.05263157895,3,0],[3499.34210526316,3,0],[3453.94736842105,3,0],[3426.31578947368,3,0],[3382.8947368421,3,0],[3345.3947368421,3,0],[3301.97368421053,3,0],[3288.15789473684,3,0],[3268.42105263158,3,0],[3264.47368421053,3,0],[3203.28947368421,3,0],[3151.97368421053,3,0],[3104.60526315789,3,0],[3088.81578947368,3,0],[3025.65789473684,3,0],[2966.44736842105,3,0],[2928.94736842105,3,0],[2919.07894736842,3,0],[2909.21052631579,3,0],[2899.34210526316,3,0],[2883.55263157895,3,0],[2881.57894736842,3,0],[2865.78947368421,3,0],[2855.92105263158,3,0],[2836.18421052632,3,0],[2834.21052631579,3,0],[2830.26315789474,3,0],[2816.44736842105,3,0],[2810.52631578947,3,0],[2808.55263157895,3,0],[2802.63157894737,3,0],[2771.05263157895,3,0],[2757.23684210526,3,0],[2753.28947368421,3,0],[2729.60526315789,3,0],[2723.68421052632,3,0],[2709.86842105263,3,0],[2686.18421052632,3,0],[2674.34210526316,3,0],[2664.47368421053,3,0],[2654.60526315789,3,0],[2634.86842105263,3,0],[2625,3,0],[2617.10526315789,3,0],[2599.34210526316,3,0],[2585.52631578947,3,0],[2553.94736842105,3,0],[2544.07894736842,3,0]],"mustHitSection":false},{"lengthInSteps":16,